{"s": 1.0023431463644892, "R": [[0.1128475731965756, 0.9928365306053308, -0.03925619338669714], [0.9929262256973086, -0.11121365322015776, 0.04158165051947892], [0.03691795696055122, -0.04367089228532815, -0.9983636199405818]], "T": [307.05295947095755, -109.35042039706667, 452.5922514335752]}